{
  "project_info": {
    "project_number": "777752570300",
    "firebase_url": "https://smarthire-13139.firebaseio.com",
    "project_id": "smarthire-13139",
    "storage_bucket": "smarthire-13139.appspot.com"
  },
  "client": [
    {
      "client_info": {
        "mobilesdk_app_id": "1:777752570300:android:7767da25b581f9e6",
        "android_client_info": {
          "package_name": "com.example.resumeupload"
        }
      },
      "oauth_client": [
        {
          "client_id": "777752570300-73mimulakgle166kamngue98pgb8agu0.apps.googleusercontent.com",
          "client_type": 1,
          "android_info": {
            "package_name": "com.example.resumeupload",
            "certificate_hash": "58d34e48451ea7113cc7edf0c01bbf24b418e05d"
          }
        },
        {
          "client_id": "777752570300-oe4uepgiqjv0u5fktojg8p9rcrpenmq5.apps.googleusercontent.com",
          "client_type": 3
        }
      ],
      "api_key": [
        {
          "current_key": "AIzaSyBXFiBbe-v_mJL6HUp9CrwuUT3fF6PE1UE"
        }
      ],
      "services": {
        "analytics_service": {
          "status": 1
        },
        "appinvite_service": {
          "status": 2,
          "other_platform_oauth_client": [
            {
              "client_id": "777752570300-oe4uepgiqjv0u5fktojg8p9rcrpenmq5.apps.googleusercontent.com",
              "client_type": 3
            }
          ]
        },
        "ads_service": {
          "status": 2
        }
      }
    }
  ],
  "configuration_version": "1"
}